{"Gravity":-8.107436180114746,"TireFriction":1.0,"GroundFriction":1.0,"SpeedForward":-2728.2041015625,"TorqueForward":5.180177688598633,"SpeedBackward":1400.0,"TorqueBackward":5.180177688598633,"SpeedFree":0.0,"TorqueFree":0.07999999821186066,"TyreMass":0.20000000298023225,"FrontDamp":0.699999988079071,"FrontFreq":2.0,"BackDamp":0.699999988079071,"BackFreq":2.0,"RotateWhellsWhenFly":false,"CarBodyMass":0.33417993783950808,"CarBodyFriction":0.0000430567488365341,"CarBodyTorque":74.32178497314453,"CarBodyMaxAngVel":7.106789588928223,"DriverBodyMass":0.009892230853438378,"DriverBodyFrequency":7.627763271331787,"DriverBodyDamping":0.6727503538131714,"DriverHeadMass":0.001927715726196766,"DriverHeadFrequency":4.831530570983887,"DriverHeadDamping":1.0,"DriverHeadBreakForce":0.8390539884567261}