{"Gravity":-11.870098114013672,"TireFriction":1.0,"GroundFriction":1.0,"SpeedForward":-1400.0,"TorqueForward":0.699999988079071,"SpeedBackward":1400.0,"TorqueBackward":0.699999988079071,"SpeedFree":0.0,"TorqueFree":0.07999999821186066,"TyreMass":0.20000000298023225,"FrontDamp":0.699999988079071,"FrontFreq":2.0,"BackDamp":0.699999988079071,"BackFreq":2.0,"CarBodyMass":0.07999999821186066,"CarBodyFriction":0.0010000000474974514,"CarBodyTorque":500.0,"CarBodyMaxAngVel":70.0,"DriverBodyMass":0.05000000074505806,"DriverBodyFrequency":110.0,"DriverBodyDamping":0.10000000149011612,"DriverHeadMass":0.004999999888241291,"DriverHeadFrequency":3.0,"DriverHeadDamping":1.0,"DriverHeadBreakForce":10.0}